{
	"info": {
		"_postman_id": "04f6eb0f-9627-486b-86f0-5f00bf886563",
		"name": "Team10_Unicorn_Riders_API_Hackathon_Nov2023",
		"schema": "https://schema.getpostman.com/json/collection/v2.0.0/collection.json"
	},
	"item": [
		{
			"name": "Put",
			"item": [
				{
					"name": "updatePatientbyUserId",
					"event": [
						{
							"listen": "test",
							"script": {
								"id": "5e043ee3-6ca7-4c52-aa20-d2dea0439563",
								"exec": [
									"pm.test(\"Status code is 200\", function () {\r",
									"    pm.response.to.have.status(200);\r",
									"});"
								],
								"type": "text/javascript"
							}
						}
					],
					"id": "c5dc8e3b-ccdf-4537-9dfa-d4b647d9d749",
					"protocolProfileBehavior": {
						"disableBodyPruning": true
					},
					"request": {
						"auth": {
							"type": "bearer",
							"bearer": {
								"token": "{{InduToken}}"
							}
						},
						"method": "PUT",
						"header": [],
						"body": {
							"mode": "formdata",
							"formdata": [
								{
									"key": "patientInfo",
									"value": "{  \"FirstName\": \"Team10\",\"LastName\": \"Patient07\",\"ContactNumber\": 9999000999,\"Email\": \"geaorgecory11@gmail.com\",\"Allergy\": \"milk\",\"FoodCategory\": \"Vegetarian\",\"DateOfBirth\": \"2008-11-17\"}",
									"type": "text"
								},
								{
									"key": "file",
									"value": "C:\\Users\\Deepthi\\Downloads\\Sample reports-20231116T035758Z-001\\Sample reports\\Hypo Thyroid-Report.pdf.pdf",
									"type": "text"
								}
							]
						},
						"url": "{{baseURI}}/patient/{{patientId}}"
					},
					"response": []
				}
			],
			"id": "6ea30d5e-db98-4be5-b42a-b389c2e01dbf",
			"auth": {
				"type": "noauth"
			},
			"event": [
				{
					"listen": "prerequest",
					"script": {
						"id": "57593f01-22f5-49e9-8254-e1daeae7280a",
						"type": "text/javascript",
						"exec": [
							""
						]
					}
				},
				{
					"listen": "test",
					"script": {
						"id": "30a24436-514a-4340-8b4f-529801bae088",
						"type": "text/javascript",
						"exec": [
							""
						]
					}
				}
			]
		},
		{
			"name": "UserLogout",
			"item": [
				{
					"name": "logoutdietician",
					"event": [
						{
							"listen": "test",
							"script": {
								"id": "5ef5416e-3cab-461a-92aa-9e0368b67a87",
								"exec": [
									"pm.test(\"Status code is 200\", function () {\r",
									"    pm.response.to.have.status(200);\r",
									"});"
								],
								"type": "text/javascript"
							}
						}
					],
					"id": "13bdecc9-909e-47de-9e82-6f35574a5443",
					"protocolProfileBehavior": {
						"disableBodyPruning": true
					},
					"request": {
						"auth": {
							"type": "bearer",
							"bearer": {
								"token": "{{InduToken}}"
							}
						},
						"method": "GET",
						"header": [],
						"url": "{{baseURI}}/logoutdietician"
					},
					"response": []
				}
			],
			"id": "9ba0c40a-f12d-4bdb-b5ac-751803de908d",
			"auth": {
				"type": "bearer",
				"bearer": {
					"token": "eyJhbGciOiJIUzUxMiJ9.eyJzdWIiOiJkZWVwenN1ZGhha2FyYW5AZ21haWwuY29tIiwiaWF0IjoxNzAwMDYxMDQ5LCJleHAiOjE3MDAwODk4NDl9.amUkm5AlO_eqVNhfE8Dv4qlDo8fcGjW3GABvEJfPSMdVqRIIMvwFnT7B7gDEIdywVck8gKJRTTDKq2J3PwMFhw"
				}
			},
			"event": [
				{
					"listen": "prerequest",
					"script": {
						"id": "1324c404-75b8-417c-9433-924c24a10e6a",
						"type": "text/javascript",
						"exec": [
							""
						]
					}
				},
				{
					"listen": "test",
					"script": {
						"id": "fa80cd3e-8227-4072-8b1e-4a2928ee1b30",
						"type": "text/javascript",
						"exec": [
							""
						]
					}
				}
			]
		},
		{
			"name": "Create",
			"item": [
				{
					"name": "Post User Ayesh",
					"event": [
						{
							"listen": "test",
							"script": {
								"id": "53be256e-68ac-4160-933d-edb41e5fb7ce",
								"exec": [
									"const responseJsonData =pm.response.json();\r",
									"var requestJsonData = JSON.parse(pm.request.body.raw);\r",
									"\r",
									"const schema = {\r",
									" \r",
									"  \"type\": \"object\",\r",
									"  \"properties\": {\r",
									"    \"loginUserEmail\": {\r",
									"      \"type\": \"string\"\r",
									"    },\r",
									"    \"roles\": {\r",
									"      \"type\": \"array\",\r",
									"      \"items\": [\r",
									"        {\r",
									"          \"type\": \"string\"\r",
									"        }\r",
									"      ]\r",
									"    },\r",
									"    \"token\": {\r",
									"      \"type\": \"string\"\r",
									"    },\r",
									"    \"type\": {\r",
									"      \"type\": \"string\"\r",
									"    },\r",
									"    \"userId\": {\r",
									"      \"type\": \"integer\"\r",
									"    }\r",
									"  },\r",
									"  \"required\": [\r",
									"    \"loginUserEmail\",\r",
									"    \"roles\",\r",
									"    \"token\",\r",
									"    \"type\",\r",
									"    \"userId\"\r",
									"  ]\r",
									"};\r",
									"\r",
									"pm.test(\"status code is 200\", function(){\r",
									"    pm.response.to.have.status(200);\r",
									"})\r",
									"  \r",
									"   //pm.test(\"validate json schema\", function(){\r",
									"     //  pm.response.to.have.jsonSchema(schema);\r",
									"   //});\r",
									"\r",
									"   var respJson = JSON.parse(responseBody);\r",
									"console.log(respJson)\r",
									"\r",
									"postman.setEnvironmentVariable(\"AyeshToken\", respJson.token);\r",
									"\r",
									"\r",
									"   "
								],
								"type": "text/javascript"
							}
						}
					],
					"id": "a420a975-859d-4533-882b-3aed22bce97b",
					"protocolProfileBehavior": {
						"disableBodyPruning": true
					},
					"request": {
						"auth": {
							"type": "noauth"
						},
						"method": "POST",
						"header": [],
						"body": {
							"mode": "raw",
							"raw": "{\r\n\"password\":\"Poppy66\",\r\n\"userLoginEmail\":\"ayesh.gaur@gmail.com\"\r\n}",
							"options": {
								"raw": {
									"language": "json"
								}
							}
						},
						"url": "{{baseURI}}/login"
					},
					"response": []
				},
				{
					"name": "Post User Indu",
					"event": [
						{
							"listen": "test",
							"script": {
								"id": "53be256e-68ac-4160-933d-edb41e5fb7ce",
								"exec": [
									"const responseJsonData =pm.response.json();\r",
									"var requestJsonData = JSON.parse(pm.request.body.raw);\r",
									"\r",
									"const schema = {\r",
									" \r",
									"  \"type\": \"object\",\r",
									"  \"properties\": {\r",
									"    \"loginUserEmail\": {\r",
									"      \"type\": \"string\"\r",
									"    },\r",
									"    \"roles\": {\r",
									"      \"type\": \"array\",\r",
									"      \"items\": [\r",
									"        {\r",
									"          \"type\": \"string\"\r",
									"        }\r",
									"      ]\r",
									"    },\r",
									"    \"token\": {\r",
									"      \"type\": \"string\"\r",
									"    },\r",
									"    \"type\": {\r",
									"      \"type\": \"string\"\r",
									"    },\r",
									"    \"userId\": {\r",
									"      \"type\": \"integer\"\r",
									"    }\r",
									"  },\r",
									"  \"required\": [\r",
									"    \"loginUserEmail\",\r",
									"    \"roles\",\r",
									"    \"token\",\r",
									"    \"type\",\r",
									"    \"userId\"\r",
									"  ]\r",
									"};\r",
									"\r",
									"pm.test(\"status code is 200\", function(){\r",
									"    pm.response.to.have.status(200);\r",
									"})\r",
									"  \r",
									"   //pm.test(\"validate json schema\", function(){\r",
									"     //  pm.response.to.have.jsonSchema(schema);\r",
									"   //});//\r",
									"\r",
									"   var respJson = JSON.parse(responseBody);\r",
									"console.log(respJson)\r",
									"\r",
									"postman.setEnvironmentVariable(\"InduToken\", respJson.token);\r",
									"\r",
									"\r",
									"   "
								],
								"type": "text/javascript"
							}
						}
					],
					"id": "24fa5ab8-10b0-4a26-8e94-c13bac61e3ec",
					"protocolProfileBehavior": {
						"disableBodyPruning": true
					},
					"request": {
						"auth": {
							"type": "noauth"
						},
						"method": "POST",
						"header": [],
						"body": {
							"mode": "raw",
							"raw": "{\r\n\"password\":\"Red32\",\r\n\"userLoginEmail\":\"Indu22test@gmail.com\"\r\n}",
							"options": {
								"raw": {
									"language": "json"
								}
							}
						},
						"url": "{{baseURI}}/login"
					},
					"response": []
				},
				{
					"name": "Post User Deepthi",
					"event": [
						{
							"listen": "test",
							"script": {
								"id": "53be256e-68ac-4160-933d-edb41e5fb7ce",
								"exec": [
									"const responseJsonData =pm.response.json();\r",
									"var requestJsonData = JSON.parse(pm.request.body.raw);\r",
									"\r",
									"const schema = {\r",
									" \r",
									"  \"type\": \"object\",\r",
									"  \"properties\": {\r",
									"    \"loginUserEmail\": {\r",
									"      \"type\": \"string\"\r",
									"    },\r",
									"    \"roles\": {\r",
									"      \"type\": \"array\",\r",
									"      \"items\": [\r",
									"        {\r",
									"          \"type\": \"string\"\r",
									"        }\r",
									"      ]\r",
									"    },\r",
									"    \"token\": {\r",
									"      \"type\": \"string\"\r",
									"    },\r",
									"    \"type\": {\r",
									"      \"type\": \"string\"\r",
									"    },\r",
									"    \"userId\": {\r",
									"      \"type\": \"integer\"\r",
									"    }\r",
									"  },\r",
									"  \"required\": [\r",
									"    \"loginUserEmail\",\r",
									"    \"roles\",\r",
									"    \"token\",\r",
									"    \"type\",\r",
									"    \"userId\"\r",
									"  ]\r",
									"};\r",
									"\r",
									"pm.test(\"status code is 200\", function(){\r",
									"    pm.response.to.have.status(200);\r",
									"})\r",
									"  \r",
									"   //pm.test(\"validate json schema\", function(){\r",
									"     //  pm.response.to.have.jsonSchema(schema);\r",
									"   //});//\r",
									"\r",
									"   var respJson = JSON.parse(responseBody);\r",
									"console.log(respJson)\r",
									"\r",
									"postman.setEnvironmentVariable(\"DeepthiToken\", respJson.token);\r",
									"\r",
									"\r",
									"   "
								],
								"type": "text/javascript"
							}
						}
					],
					"id": "d0960297-dfb2-4aa9-842c-aa7d1e2bd148",
					"protocolProfileBehavior": {
						"disableBodyPruning": true
					},
					"request": {
						"auth": {
							"type": "noauth"
						},
						"method": "POST",
						"header": [],
						"body": {
							"mode": "raw",
							"raw": "{\r\n\"password\":\"Gold76\",\r\n\"userLoginEmail\":\"deepzsudhakaran@gmail.com\"\r\n}",
							"options": {
								"raw": {
									"language": "json"
								}
							}
						},
						"url": "{{baseURI}}/login"
					},
					"response": []
				},
				{
					"name": "Post User Divya",
					"event": [
						{
							"listen": "test",
							"script": {
								"id": "53be256e-68ac-4160-933d-edb41e5fb7ce",
								"exec": [
									"const responseJsonData =pm.response.json();\r",
									"var requestJsonData = JSON.parse(pm.request.body.raw);\r",
									"\r",
									"const schema = {\r",
									" \r",
									"  \"type\": \"object\",\r",
									"  \"properties\": {\r",
									"    \"loginUserEmail\": {\r",
									"      \"type\": \"string\"\r",
									"    },\r",
									"    \"roles\": {\r",
									"      \"type\": \"array\",\r",
									"      \"items\": [\r",
									"        {\r",
									"          \"type\": \"string\"\r",
									"        }\r",
									"      ]\r",
									"    },\r",
									"    \"token\": {\r",
									"      \"type\": \"string\"\r",
									"    },\r",
									"    \"type\": {\r",
									"      \"type\": \"string\"\r",
									"    },\r",
									"    \"userId\": {\r",
									"      \"type\": \"integer\"\r",
									"    }\r",
									"  },\r",
									"  \"required\": [\r",
									"    \"loginUserEmail\",\r",
									"    \"roles\",\r",
									"    \"token\",\r",
									"    \"type\",\r",
									"    \"userId\"\r",
									"  ]\r",
									"};\r",
									"\r",
									"pm.test(\"status code is 200\", function(){\r",
									"    pm.response.to.have.status(200);\r",
									"})\r",
									"  \r",
									"   //pm.test(\"validate json schema\", function(){\r",
									"     //  pm.response.to.have.jsonSchema(schema);\r",
									"   //});//\r",
									"\r",
									"   var respJson = JSON.parse(responseBody);\r",
									"console.log(respJson)\r",
									"\r",
									"postman.setEnvironmentVariable(\"DivyaToken\", respJson.token);\r",
									"\r",
									"\r",
									"   "
								],
								"type": "text/javascript"
							}
						}
					],
					"id": "9bf53626-c54d-4498-8994-e487bbaebaf1",
					"protocolProfileBehavior": {
						"disableBodyPruning": true
					},
					"request": {
						"auth": {
							"type": "noauth"
						},
						"method": "POST",
						"header": [],
						"body": {
							"mode": "raw",
							"raw": "{\r\n\"password\":\"Dove77\",\r\n\"userLoginEmail\":\"divyadhanush.2020@gmail.com\"\r\n}",
							"options": {
								"raw": {
									"language": "json"
								}
							}
						},
						"url": "{{baseURI}}/login"
					},
					"response": []
				},
				{
					"name": "Post User Rupali",
					"event": [
						{
							"listen": "test",
							"script": {
								"id": "53be256e-68ac-4160-933d-edb41e5fb7ce",
								"exec": [
									"const responseJsonData =pm.response.json();\r",
									"var requestJsonData = JSON.parse(pm.request.body.raw);\r",
									"\r",
									"const schema = {\r",
									" \r",
									"  \"type\": \"object\",\r",
									"  \"properties\": {\r",
									"    \"loginUserEmail\": {\r",
									"      \"type\": \"string\"\r",
									"    },\r",
									"    \"roles\": {\r",
									"      \"type\": \"array\",\r",
									"      \"items\": [\r",
									"        {\r",
									"          \"type\": \"string\"\r",
									"        }\r",
									"      ]\r",
									"    },\r",
									"    \"token\": {\r",
									"      \"type\": \"string\"\r",
									"    },\r",
									"    \"type\": {\r",
									"      \"type\": \"string\"\r",
									"    },\r",
									"    \"userId\": {\r",
									"      \"type\": \"integer\"\r",
									"    }\r",
									"  },\r",
									"  \"required\": [\r",
									"    \"loginUserEmail\",\r",
									"    \"roles\",\r",
									"    \"token\",\r",
									"    \"type\",\r",
									"    \"userId\"\r",
									"  ]\r",
									"};\r",
									"\r",
									"pm.test(\"status code is 200\", function(){\r",
									"    pm.response.to.have.status(200);\r",
									"})\r",
									"  \r",
									"   //pm.test(\"validate json schema\", function(){\r",
									"     //  pm.response.to.have.jsonSchema(schema);\r",
									"   //});//\r",
									"\r",
									"   var respJson = JSON.parse(responseBody);\r",
									"console.log(respJson)\r",
									"\r",
									"postman.setEnvironmentVariable(\"RupaliToken\", respJson.token);\r",
									"\r",
									"\r",
									"   "
								],
								"type": "text/javascript"
							}
						}
					],
					"id": "bd3b11a7-d01e-47d4-b2b5-a1efcb90f189",
					"protocolProfileBehavior": {
						"disableBodyPruning": true
					},
					"request": {
						"auth": {
							"type": "noauth"
						},
						"method": "POST",
						"header": [],
						"body": {
							"mode": "raw",
							"raw": "{\r\n\"password\":\"Pepper42\",\r\n\"userLoginEmail\":\"rupali1bhosale2@gmail.com\"\r\n}",
							"options": {
								"raw": {
									"language": "json"
								}
							}
						},
						"url": "{{baseURI}}/login"
					},
					"response": []
				},
				{
					"name": "Post User Priyanka",
					"event": [
						{
							"listen": "test",
							"script": {
								"id": "53be256e-68ac-4160-933d-edb41e5fb7ce",
								"exec": [
									"const responseJsonData =pm.response.json();\r",
									"var requestJsonData = JSON.parse(pm.request.body.raw);\r",
									"\r",
									"const schema = {\r",
									" \r",
									"  \"type\": \"object\",\r",
									"  \"properties\": {\r",
									"    \"loginUserEmail\": {\r",
									"      \"type\": \"string\"\r",
									"    },\r",
									"    \"roles\": {\r",
									"      \"type\": \"array\",\r",
									"      \"items\": [\r",
									"        {\r",
									"          \"type\": \"string\"\r",
									"        }\r",
									"      ]\r",
									"    },\r",
									"    \"token\": {\r",
									"      \"type\": \"string\"\r",
									"    },\r",
									"    \"type\": {\r",
									"      \"type\": \"string\"\r",
									"    },\r",
									"    \"userId\": {\r",
									"      \"type\": \"integer\"\r",
									"    }\r",
									"  },\r",
									"  \"required\": [\r",
									"    \"loginUserEmail\",\r",
									"    \"roles\",\r",
									"    \"token\",\r",
									"    \"type\",\r",
									"    \"userId\"\r",
									"  ]\r",
									"};\r",
									"\r",
									"pm.test(\"status code is 200\", function(){\r",
									"    pm.response.to.have.status(200);\r",
									"})\r",
									"  \r",
									"   //pm.test(\"validate json schema\", function(){\r",
									"     //  pm.response.to.have.jsonSchema(schema);\r",
									"   //});//\r",
									"\r",
									"   var respJson = JSON.parse(responseBody);\r",
									"console.log(respJson)\r",
									"\r",
									"postman.setEnvironmentVariable(\"PriyankaToken\", respJson.token);\r",
									"\r",
									"\r",
									"   "
								],
								"type": "text/javascript"
							}
						}
					],
					"id": "08ea31d4-fae3-443d-a6ea-9d890a76b46c",
					"protocolProfileBehavior": {
						"disableBodyPruning": true
					},
					"request": {
						"auth": {
							"type": "noauth"
						},
						"method": "POST",
						"header": [],
						"body": {
							"mode": "raw",
							"raw": "{\r\n\"password\":\"Carnation77\",\r\n\"userLoginEmail\":\"priyankasujit.srivastava@gmail.com\"\r\n}",
							"options": {
								"raw": {
									"language": "json"
								}
							}
						},
						"url": "{{baseURI}}/login"
					},
					"response": []
				},
				{
					"name": "Create New Patient",
					"event": [
						{
							"listen": "test",
							"script": {
								"id": "a3d709ca-61a4-4b20-aef6-6c3afafe1a60",
								"exec": [
									"const schema = {\r",
									"  \"type\": \"object\",\r",
									"  \"properties\": {\r",
									"    \"Allergy\": {\r",
									"      \"type\": \"string\"\r",
									"    },\r",
									"    \"ContactNumber\": {\r",
									"      \"type\": \"string\"\r",
									"    },\r",
									"    \"DateOfBirth\": {\r",
									"      \"type\": \"string\"\r",
									"    },\r",
									"    \"DieticianId\": {\r",
									"      \"type\": \"integer\"\r",
									"    },\r",
									"    \"Email\": {\r",
									"      \"type\": \"string\"\r",
									"    },\r",
									"    \"FileMorbidity\": {\r",
									"      \"type\": \"object\",\r",
									"      \"properties\": {\r",
									"        \"additionalProp1\": {\r",
									"          \"type\": \"object\",\r",
									"          \"properties\": {\r",
									"            \"additionalProp1\": {\r",
									"              \"type\": \"string\"\r",
									"            },\r",
									"            \"additionalProp2\": {\r",
									"              \"type\": \"string\"\r",
									"            },\r",
									"            \"additionalProp3\": {\r",
									"              \"type\": \"string\"\r",
									"            }\r",
									"          }\r",
									"         \r",
									"        },\r",
									"        \"additionalProp2\": {\r",
									"          \"type\": \"object\",\r",
									"          \"properties\": {\r",
									"            \"additionalProp1\": {\r",
									"              \"type\": \"string\"\r",
									"            },\r",
									"            \"additionalProp2\": {\r",
									"              \"type\": \"string\"\r",
									"            },\r",
									"            \"additionalProp3\": {\r",
									"              \"type\": \"string\"\r",
									"            }\r",
									"          }\r",
									"        },\r",
									"        \"additionalProp3\": {\r",
									"          \"type\": \"object\",\r",
									"          \"properties\": {\r",
									"            \"additionalProp1\": {\r",
									"              \"type\": \"string\"\r",
									"            },\r",
									"            \"additionalProp2\": {\r",
									"              \"type\": \"string\"\r",
									"            },\r",
									"            \"additionalProp3\": {\r",
									"              \"type\": \"string\"\r",
									"            }\r",
									"          }\r",
									"        }\r",
									"      }\r",
									"    },\r",
									"    \"FileMorbidityCondition\": {\r",
									"      \"type\": \"object\",\r",
									"      \"properties\": {\r",
									"        \"additionalProp1\": {\r",
									"          \"type\": \"string\"\r",
									"        },\r",
									"        \"additionalProp2\": {\r",
									"          \"type\": \"string\"\r",
									"        },\r",
									"        \"additionalProp3\": {\r",
									"          \"type\": \"string\"\r",
									"        }\r",
									"      }\r",
									"    },\r",
									"    \"FirstName\": {\r",
									"      \"type\": \"string\"\r",
									"    },\r",
									"    \"FoodCategory\": {\r",
									"      \"type\": \"string\"\r",
									"    },\r",
									"    \"LastName\": {\r",
									"      \"type\": \"string\"\r",
									"    },\r",
									"    \"patientId\": {\r",
									"      \"type\": \"integer\"\r",
									"    }\r",
									"  },\r",
									"  \"required\": [\r",
									"    \"ContactNumber\",\r",
									"    \"DateOfBirth\",\r",
									"    \"Email\",\r",
									"    \"FirstName\",\r",
									"    \"LastName\"\r",
									"  ]\r",
									"};\r",
									"\r",
									"pm.test(\"Validate schema\", () => {\r",
									"pm.response.to.have.jsonSchema(schema);\r",
									"});\r",
									"\r",
									"pm.test(\"Status code is 201\", function () {\r",
									"  pm.response.to.have.status(201);\r",
									"});\r",
									"var respJson = pm.response.json();\r",
									"console.log(respJson);\r",
									"\r",
									"postman.setEnvironmentVariable('patientId', respJson.patientId);"
								],
								"type": "text/javascript"
							}
						},
						{
							"listen": "prerequest",
							"script": {
								"id": "f452fef0-7457-4a4f-ad0e-831ef1dc6188",
								"exec": [
									""
								],
								"type": "text/javascript"
							}
						}
					],
					"id": "be372d99-9a1e-411c-9d19-2af349ec83e8",
					"protocolProfileBehavior": {
						"disableBodyPruning": true
					},
					"request": {
						"auth": {
							"type": "bearer",
							"bearer": {
								"token": "{{DeepthiToken}}"
							}
						},
						"method": "POST",
						"header": [],
						"body": {
							"mode": "formdata",
							"formdata": [
								{
									"key": "patientInfo",
									"value": "{  \"FirstName\": \"Team10\",\"LastName\": \"Patient108\",\"ContactNumber\": 9524579100,\"Email\": \"maryjane@hotmail.com\",\"Allergy\": \"milk\",\"FoodCategory\": \"Vegan\",\"DateOfBirth\": \"1990-05-23\"}",
									"type": "text"
								},
								{
									"key": "file",
									"type": "file",
									"fileNotInWorkingDirectoryWarning": "This file isn't in your working directory. Teammates you share this request with won't be able to use this file. To make collaboration easier you can setup your working directory in Settings.",
									"src": "/C:/Users/Deepthi/Downloads/Sample reports-20231116T035758Z-001/Sample reports/Hypo Thyroid-Report.pdf.pdf"
								}
							]
						},
						"url": "{{baseURI}}/patient"
					},
					"response": []
				}
			],
			"id": "5df7f585-4bdc-4702-8167-942c6a9ea280"
		},
		{
			"name": "Get",
			"item": [
				{
					"name": "All Morbidities",
					"event": [
						{
							"listen": "test",
							"script": {
								"id": "6b004796-76a8-4e63-9f33-915ea4429a72",
								"exec": [
									"const responseJsonData =pm.response.json();\r",
									"pm.test(\"Status code is 200\", function () {\r",
									"    pm.response.to.have.status(200);\r",
									"});\r",
									"\r",
									""
								],
								"type": "text/javascript"
							}
						}
					],
					"id": "8f2c72d6-f6d3-44c9-bbe4-014026ca0fcb",
					"protocolProfileBehavior": {
						"disableBodyPruning": true
					},
					"request": {
						"auth": {
							"type": "bearer",
							"bearer": {
								"token": "{{AyeshToken}}"
							}
						},
						"method": "GET",
						"header": [],
						"url": "{{baseURI}}/morbidity"
					},
					"response": []
				},
				{
					"name": "Morbidity by Test Name",
					"event": [
						{
							"listen": "test",
							"script": {
								"id": "cc3d2eba-252c-4359-aac2-444fb827c41b",
								"exec": [
									"pm.test(\"Status code is 200\", function () {\r",
									"    pm.response.to.have.status(200);\r",
									"});"
								],
								"type": "text/javascript"
							}
						}
					],
					"id": "afea5d83-5965-4349-9c54-a2c59cd700af",
					"protocolProfileBehavior": {
						"disableBodyPruning": true
					},
					"request": {
						"auth": {
							"type": "bearer",
							"bearer": {
								"token": "{{DeepthiToken}}"
							}
						},
						"method": "GET",
						"header": [],
						"url": {
							"raw": "{{baseURI}}/morbidity/:morbidityName",
							"host": [
								"{{baseURI}}"
							],
							"path": [
								"morbidity",
								":morbidityName"
							],
							"variable": [
								{
									"key": "morbidityName",
									"value": "Plasma Glucose"
								}
							]
						}
					},
					"response": []
				},
				{
					"name": "Get All Patients",
					"id": "a816d5be-ffde-4a04-916c-2e9e5cf862b7",
					"protocolProfileBehavior": {
						"disableBodyPruning": true
					},
					"request": {
						"auth": {
							"type": "bearer",
							"bearer": {
								"token": "{{DivyaToken}}"
							}
						},
						"method": "GET",
						"header": [],
						"body": {
							"mode": "formdata",
							"formdata": []
						},
						"url": "{{baseURI}}/patient"
					},
					"response": []
				},
				{
					"name": "Get All Patients Copy",
					"id": "ab61bfab-eaf3-40a5-8be6-7688e58c25b1",
					"protocolProfileBehavior": {
						"disableBodyPruning": true
					},
					"request": {
						"auth": {
							"type": "bearer",
							"bearer": {
								"token": "{{DivyaToken}}"
							}
						},
						"method": "GET",
						"header": [],
						"body": {
							"mode": "formdata",
							"formdata": []
						},
						"url": "{{baseURI}}/patient"
					},
					"response": []
				},
				{
					"name": "Patients Morbidity Details",
					"event": [
						{
							"listen": "test",
							"script": {
								"id": "9d1af107-2d70-4875-97d2-745f56aa00a1",
								"exec": [
									"pm.test(\"Status code is 200\", function () {\r",
									"    pm.response.to.have.status(200);\r",
									"});\r",
									" var respJson = JSON.parse(responseBody);\r",
									"console.log(respJson)\r",
									"\r",
									"postman.setEnvironmentVariable(\"fileId\", respJson.fileId);"
								],
								"type": "text/javascript"
							}
						}
					],
					"id": "e0e4b67c-1b4a-4e14-ae18-390754f6be7e",
					"protocolProfileBehavior": {
						"disableBodyPruning": true
					},
					"request": {
						"auth": {
							"type": "bearer",
							"bearer": {
								"token": "{{RupaliToken}}"
							}
						},
						"method": "GET",
						"header": [],
						"body": {
							"mode": "raw",
							"raw": "",
							"options": {
								"raw": {
									"language": "json"
								}
							}
						},
						"url": "{{baseURI}}/patient/testReports/3576"
					},
					"response": []
				},
				{
					"name": "Get file by FileID",
					"event": [
						{
							"listen": "test",
							"script": {
								"id": "0209ecb8-49a4-481b-bae2-d66f6f9441be",
								"exec": [
									"var respJson = pm.response.json();\r",
									"console.log(respJson)\r",
									"\r",
									"postman.setEnvironmentVariable(\"FileID\", respJson. FileID);\r",
									""
								],
								"type": "text/javascript"
							}
						}
					],
					"id": "b4a6f1a1-7b0d-4855-aded-a4bfb67b94ab",
					"protocolProfileBehavior": {
						"disableBodyPruning": true
					},
					"request": {
						"auth": {
							"type": "bearer",
							"bearer": {
								"token": "{{DivyaToken}}"
							}
						},
						"method": "GET",
						"header": [],
						"body": {
							"mode": "formdata",
							"formdata": [
								{
									"key": "",
									"value": "",
									"type": "text",
									"disabled": true
								}
							]
						},
						"url": "{{baseURI}}/patient"
					},
					"response": []
				},
				{
					"name": "View file by FileID",
					"event": [
						{
							"listen": "test",
							"script": {
								"id": "afff2e2e-3585-41b5-9a04-3229adf84092",
								"exec": [
									""
								],
								"type": "text/javascript"
							}
						}
					],
					"id": "5f15b37a-bb0a-48bb-9c3c-aa285e7f84da",
					"protocolProfileBehavior": {
						"disableBodyPruning": true
					},
					"request": {
						"auth": {
							"type": "bearer",
							"bearer": {
								"token": "{{RupaliToken}}"
							}
						},
						"method": "GET",
						"header": [],
						"body": {
							"mode": "formdata",
							"formdata": [
								{
									"key": "",
									"value": "",
									"type": "text",
									"disabled": true
								}
							]
						},
						"url": "{{baseURI}}/patient/testReports/viewFile/655abe210cbfb136eab0d2c2"
					},
					"response": []
				}
			],
			"id": "45c0f99d-92c3-4716-a933-69c79e395db6"
		},
		{
			"name": "Remove",
			"item": [
				{
					"name": "Delete Patient",
					"event": [
						{
							"listen": "test",
							"script": {
								"id": "4472be25-7210-4aad-9c48-729ae62db2dd",
								"exec": [
									"pm.test(\"status code is 200\", function(){",
									"    pm.response.to.have.status(200);",
									"})"
								],
								"type": "text/javascript"
							}
						}
					],
					"id": "4ef98b8e-f947-45f2-ba5a-b458f0fbf24e",
					"protocolProfileBehavior": {
						"disableBodyPruning": true
					},
					"request": {
						"auth": {
							"type": "bearer",
							"bearer": {
								"token": "{{DeepthiToken}}"
							}
						},
						"method": "DELETE",
						"header": [],
						"url": "{{baseURI}}/patient/{{patientId}}"
					},
					"response": [
						{
							"id": "4da7f88e-3428-42ea-999f-20432b93c63b",
							"name": "Delete Patient",
							"originalRequest": {
								"method": "DELETE",
								"header": [],
								"url": "{{baseURI}}/Delete Patient\n"
							},
							"status": "Unauthorized",
							"code": 401,
							"_postman_previewlanguage": "json",
							"header": [
								{
									"key": "Server",
									"value": "Cowboy"
								},
								{
									"key": "Report-To",
									"value": "{\"group\":\"heroku-nel\",\"max_age\":3600,\"endpoints\":[{\"url\":\"https://nel.heroku.com/reports?ts=1700069180&sid=c46efe9b-d3d2-4a0c-8c76-bfafa16c5add&s=pUPYQTp6Qek3FM1LETL%2BevXkOhVqA1QAMpHCI4DV8O0%3D\"}]}"
								},
								{
									"key": "Reporting-Endpoints",
									"value": "heroku-nel=https://nel.heroku.com/reports?ts=1700069180&sid=c46efe9b-d3d2-4a0c-8c76-bfafa16c5add&s=pUPYQTp6Qek3FM1LETL%2BevXkOhVqA1QAMpHCI4DV8O0%3D"
								},
								{
									"key": "Nel",
									"value": "{\"report_to\":\"heroku-nel\",\"max_age\":3600,\"success_fraction\":0.005,\"failure_fraction\":0.05,\"response_headers\":[\"Via\"]}"
								},
								{
									"key": "Connection",
									"value": "keep-alive"
								},
								{
									"key": "Vary",
									"value": "Origin"
								},
								{
									"key": "Vary",
									"value": "Access-Control-Request-Method"
								},
								{
									"key": "Vary",
									"value": "Access-Control-Request-Headers"
								},
								{
									"key": "X-Content-Type-Options",
									"value": "nosniff"
								},
								{
									"key": "X-Xss-Protection",
									"value": "1; mode=block"
								},
								{
									"key": "Cache-Control",
									"value": "no-cache, no-store, max-age=0, must-revalidate"
								},
								{
									"key": "Pragma",
									"value": "no-cache"
								},
								{
									"key": "Expires",
									"value": "0"
								},
								{
									"key": "Strict-Transport-Security",
									"value": "max-age=31536000 ; includeSubDomains"
								},
								{
									"key": "X-Frame-Options",
									"value": "DENY"
								},
								{
									"key": "Content-Type",
									"value": "application/json"
								},
								{
									"key": "Transfer-Encoding",
									"value": "chunked"
								},
								{
									"key": "Date",
									"value": "Wed, 15 Nov 2023 17:26:20 GMT"
								},
								{
									"key": "Via",
									"value": "1.1 vegur"
								}
							],
							"cookie": [],
							"responseTime": null,
							"body": "{\n    \"timestamp\": \"2023-11-15T17:26:20.658+00:00\",\n    \"status\": 401,\n    \"error\": \"Unauthorized\",\n    \"path\": \"/dietician/Delete%20Patient%0A\"\n}"
						}
					]
				}
			],
			"id": "1c87d32a-fe17-4ae4-aaa9-f529c56ee0da"
		}
	],
	"event": [
		{
			"listen": "prerequest",
			"script": {
				"id": "30e6d596-3647-4bdd-9373-7cc053961650",
				"type": "text/javascript",
				"exec": [
					""
				]
			}
		},
		{
			"listen": "test",
			"script": {
				"id": "37ae4b89-232c-4388-8393-99d35496c89e",
				"type": "text/javascript",
				"exec": [
					""
				]
			}
		}
	],
	"variable": [
		{
			"key": "accessToken",
			"value": "--",
			"type": "string"
		},
		{
			"key": "baseUrl",
			"value": "https://dietician-dev-41d9a344a720.herokuapp.com/dietician"
		}
	]
}