{
	"info": {
		"_postman_id": "04f6eb0f-9627-486b-86f0-5f00bf886563",
		"name": "Team10_Unicorn_Riders_API_Hackathon_Nov2023",
		"schema": "https://schema.getpostman.com/json/collection/v2.1.0/collection.json",
		"_exporter_id": "26337776",
		"_collection_link": "https://bold-spaceship-268567.postman.co/workspace/Team10_Uniicorn_Riders_API_hack~894594c3-4d7c-427b-b895-f1ae4f8cd31d/collection/31166674-04f6eb0f-9627-486b-86f0-5f00bf886563?action=share&source=collection_link&creator=26337776"
	},
	"item": [
		{
			"name": "Put",
			"item": [
				{
					"name": "updatePatientbyUserId",
					"event": [
						{
							"listen": "test",
							"script": {
								"exec": [
									"pm.test(\"Status code is 200\", function () {\r",
									"    pm.response.to.have.status(200);\r",
									"});"
								],
								"type": "text/javascript"
							}
						}
					],
					"request": {
						"auth": {
							"type": "bearer",
							"bearer": [
								{
									"key": "token",
									"value": "{{InduToken}}",
									"type": "string"
								}
							]
						},
						"method": "PUT",
						"header": [],
						"body": {
							"mode": "formdata",
							"formdata": [
								{
									"key": "patientInfo",
									"value": "{  \"FirstName\": \"Team10\",\"LastName\": \"Patient07\",\"ContactNumber\": 9999000999,\"Email\": \"geaorgecory11@gmail.com\",\"Allergy\": \"milk\",\"FoodCategory\": \"Vegetarian\",\"DateOfBirth\": \"2008-11-17\"}",
									"type": "text"
								},
								{
									"key": "file",
									"value": "C:\\Users\\Deepthi\\Downloads\\Sample reports-20231116T035758Z-001\\Sample reports\\Hypo Thyroid-Report.pdf.pdf",
									"type": "text"
								}
							]
						},
						"url": {
							"raw": "{{baseURI}}/patient/{{patientId}}",
							"host": [
								"{{baseURI}}"
							],
							"path": [
								"patient",
								"{{patientId}}"
							]
						}
					},
					"response": []
				}
			],
			"auth": {
				"type": "noauth"
			},
			"event": [
				{
					"listen": "prerequest",
					"script": {
						"type": "text/javascript",
						"exec": [
							""
						]
					}
				},
				{
					"listen": "test",
					"script": {
						"type": "text/javascript",
						"exec": [
							""
						]
					}
				}
			]
		},
		{
			"name": "UserLogout",
			"item": [
				{
					"name": "logoutdietician",
					"event": [
						{
							"listen": "test",
							"script": {
								"exec": [
									"pm.test(\"Status code is 200\", function () {\r",
									"    pm.response.to.have.status(200);\r",
									"});"
								],
								"type": "text/javascript"
							}
						}
					],
					"request": {
						"auth": {
							"type": "bearer",
							"bearer": [
								{
									"key": "token",
									"value": "{{InduToken}}",
									"type": "string"
								}
							]
						},
						"method": "GET",
						"header": [],
						"url": {
							"raw": "{{baseURI}}/logoutdietician",
							"host": [
								"{{baseURI}}"
							],
							"path": [
								"logoutdietician"
							]
						}
					},
					"response": []
				}
			],
			"auth": {
				"type": "bearer",
				"bearer": [
					{
						"key": "token",
						"value": "eyJhbGciOiJIUzUxMiJ9.eyJzdWIiOiJkZWVwenN1ZGhha2FyYW5AZ21haWwuY29tIiwiaWF0IjoxNzAwMDYxMDQ5LCJleHAiOjE3MDAwODk4NDl9.amUkm5AlO_eqVNhfE8Dv4qlDo8fcGjW3GABvEJfPSMdVqRIIMvwFnT7B7gDEIdywVck8gKJRTTDKq2J3PwMFhw",
						"type": "string"
					}
				]
			},
			"event": [
				{
					"listen": "prerequest",
					"script": {
						"type": "text/javascript",
						"exec": [
							""
						]
					}
				},
				{
					"listen": "test",
					"script": {
						"type": "text/javascript",
						"exec": [
							""
						]
					}
				}
			]
		},
		{
			"name": "Create",
			"item": [
				{
					"name": "Post User Ayesh",
					"event": [
						{
							"listen": "test",
							"script": {
								"exec": [
									"const responseJsonData =pm.response.json();\r",
									"var requestJsonData = JSON.parse(pm.request.body.raw);\r",
									"\r",
									"const schema = {\r",
									" \r",
									"  \"type\": \"object\",\r",
									"  \"properties\": {\r",
									"    \"loginUserEmail\": {\r",
									"      \"type\": \"string\"\r",
									"    },\r",
									"    \"roles\": {\r",
									"      \"type\": \"array\",\r",
									"      \"items\": [\r",
									"        {\r",
									"          \"type\": \"string\"\r",
									"        }\r",
									"      ]\r",
									"    },\r",
									"    \"token\": {\r",
									"      \"type\": \"string\"\r",
									"    },\r",
									"    \"type\": {\r",
									"      \"type\": \"string\"\r",
									"    },\r",
									"    \"userId\": {\r",
									"      \"type\": \"integer\"\r",
									"    }\r",
									"  },\r",
									"  \"required\": [\r",
									"    \"loginUserEmail\",\r",
									"    \"roles\",\r",
									"    \"token\",\r",
									"    \"type\",\r",
									"    \"userId\"\r",
									"  ]\r",
									"};\r",
									"\r",
									"pm.test(\"status code is 200\", function(){\r",
									"    pm.response.to.have.status(200);\r",
									"})\r",
									"  \r",
									"   //pm.test(\"validate json schema\", function(){\r",
									"     //  pm.response.to.have.jsonSchema(schema);\r",
									"   //});\r",
									"\r",
									"   var respJson = JSON.parse(responseBody);\r",
									"console.log(respJson)\r",
									"\r",
									"postman.setEnvironmentVariable(\"AyeshToken\", respJson.token);\r",
									"\r",
									"\r",
									"   "
								],
								"type": "text/javascript"
							}
						}
					],
					"request": {
						"auth": {
							"type": "noauth"
						},
						"method": "POST",
						"header": [],
						"body": {
							"mode": "raw",
							"raw": "{\r\n\"password\":\"Poppy66\",\r\n\"userLoginEmail\":\"ayesh.gaur@gmail.com\"\r\n}",
							"options": {
								"raw": {
									"language": "json"
								}
							}
						},
						"url": {
							"raw": "{{baseURI}}/login",
							"host": [
								"{{baseURI}}"
							],
							"path": [
								"login"
							]
						}
					},
					"response": []
				},
				{
					"name": "Post User Indu",
					"event": [
						{
							"listen": "test",
							"script": {
								"exec": [
									"const responseJsonData =pm.response.json();\r",
									"var requestJsonData = JSON.parse(pm.request.body.raw);\r",
									"\r",
									"const schema = {\r",
									" \r",
									"  \"type\": \"object\",\r",
									"  \"properties\": {\r",
									"    \"loginUserEmail\": {\r",
									"      \"type\": \"string\"\r",
									"    },\r",
									"    \"roles\": {\r",
									"      \"type\": \"array\",\r",
									"      \"items\": [\r",
									"        {\r",
									"          \"type\": \"string\"\r",
									"        }\r",
									"      ]\r",
									"    },\r",
									"    \"token\": {\r",
									"      \"type\": \"string\"\r",
									"    },\r",
									"    \"type\": {\r",
									"      \"type\": \"string\"\r",
									"    },\r",
									"    \"userId\": {\r",
									"      \"type\": \"integer\"\r",
									"    }\r",
									"  },\r",
									"  \"required\": [\r",
									"    \"loginUserEmail\",\r",
									"    \"roles\",\r",
									"    \"token\",\r",
									"    \"type\",\r",
									"    \"userId\"\r",
									"  ]\r",
									"};\r",
									"\r",
									"pm.test(\"status code is 200\", function(){\r",
									"    pm.response.to.have.status(200);\r",
									"})\r",
									"  \r",
									"   //pm.test(\"validate json schema\", function(){\r",
									"     //  pm.response.to.have.jsonSchema(schema);\r",
									"   //});//\r",
									"\r",
									"   var respJson = JSON.parse(responseBody);\r",
									"console.log(respJson)\r",
									"\r",
									"postman.setEnvironmentVariable(\"InduToken\", respJson.token);\r",
									"\r",
									"\r",
									"   "
								],
								"type": "text/javascript"
							}
						}
					],
					"request": {
						"auth": {
							"type": "noauth"
						},
						"method": "POST",
						"header": [],
						"body": {
							"mode": "raw",
							"raw": "{\r\n\"password\":\"Red32\",\r\n\"userLoginEmail\":\"Indu22test@gmail.com\"\r\n}",
							"options": {
								"raw": {
									"language": "json"
								}
							}
						},
						"url": {
							"raw": "{{baseURI}}/login",
							"host": [
								"{{baseURI}}"
							],
							"path": [
								"login"
							]
						}
					},
					"response": []
				},
				{
					"name": "Post User Deepthi",
					"event": [
						{
							"listen": "test",
							"script": {
								"exec": [
									"const responseJsonData =pm.response.json();\r",
									"var requestJsonData = JSON.parse(pm.request.body.raw);\r",
									"\r",
									"const schema = {\r",
									" \r",
									"  \"type\": \"object\",\r",
									"  \"properties\": {\r",
									"    \"loginUserEmail\": {\r",
									"      \"type\": \"string\"\r",
									"    },\r",
									"    \"roles\": {\r",
									"      \"type\": \"array\",\r",
									"      \"items\": [\r",
									"        {\r",
									"          \"type\": \"string\"\r",
									"        }\r",
									"      ]\r",
									"    },\r",
									"    \"token\": {\r",
									"      \"type\": \"string\"\r",
									"    },\r",
									"    \"type\": {\r",
									"      \"type\": \"string\"\r",
									"    },\r",
									"    \"userId\": {\r",
									"      \"type\": \"integer\"\r",
									"    }\r",
									"  },\r",
									"  \"required\": [\r",
									"    \"loginUserEmail\",\r",
									"    \"roles\",\r",
									"    \"token\",\r",
									"    \"type\",\r",
									"    \"userId\"\r",
									"  ]\r",
									"};\r",
									"\r",
									"pm.test(\"status code is 200\", function(){\r",
									"    pm.response.to.have.status(200);\r",
									"})\r",
									"  \r",
									"   //pm.test(\"validate json schema\", function(){\r",
									"     //  pm.response.to.have.jsonSchema(schema);\r",
									"   //});//\r",
									"\r",
									"   var respJson = JSON.parse(responseBody);\r",
									"console.log(respJson)\r",
									"\r",
									"postman.setEnvironmentVariable(\"DeepthiToken\", respJson.token);\r",
									"\r",
									"\r",
									"   "
								],
								"type": "text/javascript"
							}
						}
					],
					"request": {
						"auth": {
							"type": "noauth"
						},
						"method": "POST",
						"header": [],
						"body": {
							"mode": "raw",
							"raw": "{\r\n\"password\":\"Gold76\",\r\n\"userLoginEmail\":\"deepzsudhakaran@gmail.com\"\r\n}",
							"options": {
								"raw": {
									"language": "json"
								}
							}
						},
						"url": {
							"raw": "{{baseURI}}/login",
							"host": [
								"{{baseURI}}"
							],
							"path": [
								"login"
							]
						}
					},
					"response": []
				},
				{
					"name": "Post User Divya",
					"event": [
						{
							"listen": "test",
							"script": {
								"exec": [
									"const responseJsonData =pm.response.json();\r",
									"var requestJsonData = JSON.parse(pm.request.body.raw);\r",
									"\r",
									"const schema = {\r",
									" \r",
									"  \"type\": \"object\",\r",
									"  \"properties\": {\r",
									"    \"loginUserEmail\": {\r",
									"      \"type\": \"string\"\r",
									"    },\r",
									"    \"roles\": {\r",
									"      \"type\": \"array\",\r",
									"      \"items\": [\r",
									"        {\r",
									"          \"type\": \"string\"\r",
									"        }\r",
									"      ]\r",
									"    },\r",
									"    \"token\": {\r",
									"      \"type\": \"string\"\r",
									"    },\r",
									"    \"type\": {\r",
									"      \"type\": \"string\"\r",
									"    },\r",
									"    \"userId\": {\r",
									"      \"type\": \"integer\"\r",
									"    }\r",
									"  },\r",
									"  \"required\": [\r",
									"    \"loginUserEmail\",\r",
									"    \"roles\",\r",
									"    \"token\",\r",
									"    \"type\",\r",
									"    \"userId\"\r",
									"  ]\r",
									"};\r",
									"\r",
									"pm.test(\"status code is 200\", function(){\r",
									"    pm.response.to.have.status(200);\r",
									"})\r",
									"  \r",
									"   //pm.test(\"validate json schema\", function(){\r",
									"     //  pm.response.to.have.jsonSchema(schema);\r",
									"   //});//\r",
									"\r",
									"   var respJson = JSON.parse(responseBody);\r",
									"console.log(respJson)\r",
									"\r",
									"postman.setEnvironmentVariable(\"DivyaToken\", respJson.token);\r",
									"\r",
									"\r",
									"   "
								],
								"type": "text/javascript"
							}
						}
					],
					"request": {
						"auth": {
							"type": "noauth"
						},
						"method": "POST",
						"header": [],
						"body": {
							"mode": "raw",
							"raw": "{\r\n\"password\":\"Dove77\",\r\n\"userLoginEmail\":\"divyadhanush.2020@gmail.com\"\r\n}",
							"options": {
								"raw": {
									"language": "json"
								}
							}
						},
						"url": {
							"raw": "{{baseURI}}/login",
							"host": [
								"{{baseURI}}"
							],
							"path": [
								"login"
							]
						}
					},
					"response": []
				},
				{
					"name": "Post User Rupali",
					"event": [
						{
							"listen": "test",
							"script": {
								"exec": [
									"const responseJsonData =pm.response.json();\r",
									"var requestJsonData = JSON.parse(pm.request.body.raw);\r",
									"\r",
									"const schema = {\r",
									" \r",
									"  \"type\": \"object\",\r",
									"  \"properties\": {\r",
									"    \"loginUserEmail\": {\r",
									"      \"type\": \"string\"\r",
									"    },\r",
									"    \"roles\": {\r",
									"      \"type\": \"array\",\r",
									"      \"items\": [\r",
									"        {\r",
									"          \"type\": \"string\"\r",
									"        }\r",
									"      ]\r",
									"    },\r",
									"    \"token\": {\r",
									"      \"type\": \"string\"\r",
									"    },\r",
									"    \"type\": {\r",
									"      \"type\": \"string\"\r",
									"    },\r",
									"    \"userId\": {\r",
									"      \"type\": \"integer\"\r",
									"    }\r",
									"  },\r",
									"  \"required\": [\r",
									"    \"loginUserEmail\",\r",
									"    \"roles\",\r",
									"    \"token\",\r",
									"    \"type\",\r",
									"    \"userId\"\r",
									"  ]\r",
									"};\r",
									"\r",
									"pm.test(\"status code is 200\", function(){\r",
									"    pm.response.to.have.status(200);\r",
									"})\r",
									"  \r",
									"   //pm.test(\"validate json schema\", function(){\r",
									"     //  pm.response.to.have.jsonSchema(schema);\r",
									"   //});//\r",
									"\r",
									"   var respJson = JSON.parse(responseBody);\r",
									"console.log(respJson)\r",
									"\r",
									"postman.setEnvironmentVariable(\"AyeshToken\", respJson.token);\r",
									"\r",
									"\r",
									"   "
								],
								"type": "text/javascript"
							}
						}
					],
					"request": {
						"auth": {
							"type": "noauth"
						},
						"method": "POST",
						"header": [],
						"body": {
							"mode": "raw",
							"raw": "{\r\n\"password\":\"Pepper42\",\r\n\"userLoginEmail\":\"rupali1bhosale2@gmail.com\"\r\n}",
							"options": {
								"raw": {
									"language": "json"
								}
							}
						},
						"url": {
							"raw": "{{baseURI}}/login",
							"host": [
								"{{baseURI}}"
							],
							"path": [
								"login"
							]
						}
					},
					"response": []
				},
				{
					"name": "Post User Priyanka",
					"event": [
						{
							"listen": "test",
							"script": {
								"exec": [
									"const responseJsonData =pm.response.json();\r",
									"var requestJsonData = JSON.parse(pm.request.body.raw);\r",
									"\r",
									"const schema = {\r",
									" \r",
									"  \"type\": \"object\",\r",
									"  \"properties\": {\r",
									"    \"loginUserEmail\": {\r",
									"      \"type\": \"string\"\r",
									"    },\r",
									"    \"roles\": {\r",
									"      \"type\": \"array\",\r",
									"      \"items\": [\r",
									"        {\r",
									"          \"type\": \"string\"\r",
									"        }\r",
									"      ]\r",
									"    },\r",
									"    \"token\": {\r",
									"      \"type\": \"string\"\r",
									"    },\r",
									"    \"type\": {\r",
									"      \"type\": \"string\"\r",
									"    },\r",
									"    \"userId\": {\r",
									"      \"type\": \"integer\"\r",
									"    }\r",
									"  },\r",
									"  \"required\": [\r",
									"    \"loginUserEmail\",\r",
									"    \"roles\",\r",
									"    \"token\",\r",
									"    \"type\",\r",
									"    \"userId\"\r",
									"  ]\r",
									"};\r",
									"\r",
									"pm.test(\"status code is 200\", function(){\r",
									"    pm.response.to.have.status(200);\r",
									"})\r",
									"  \r",
									"   //pm.test(\"validate json schema\", function(){\r",
									"     //  pm.response.to.have.jsonSchema(schema);\r",
									"   //});//\r",
									"\r",
									"   var respJson = JSON.parse(responseBody);\r",
									"console.log(respJson)\r",
									"\r",
									"postman.setEnvironmentVariable(\"PriyankaToken\", respJson.token);\r",
									"\r",
									"\r",
									"   "
								],
								"type": "text/javascript"
							}
						}
					],
					"request": {
						"auth": {
							"type": "noauth"
						},
						"method": "POST",
						"header": [],
						"body": {
							"mode": "raw",
							"raw": "{\r\n\"password\":\"Carnation77\",\r\n\"userLoginEmail\":\"priyankasujit.srivastava@gmail.com\"\r\n}",
							"options": {
								"raw": {
									"language": "json"
								}
							}
						},
						"url": {
							"raw": "{{baseURI}}/login",
							"host": [
								"{{baseURI}}"
							],
							"path": [
								"login"
							]
						}
					},
					"response": []
				},
				{
					"name": "Create Patient",
					"event": [
						{
							"listen": "test",
							"script": {
								"exec": [
									"const schema = {\r",
									"  \"type\": \"object\",\r",
									"  \"properties\": {\r",
									"    \"Allergy\": {\r",
									"      \"type\": \"string\"\r",
									"    },\r",
									"    \"ContactNumber\": {\r",
									"      \"type\": \"string\"\r",
									"    },\r",
									"    \"DateOfBirth\": {\r",
									"      \"type\": \"string\"\r",
									"    },\r",
									"    \"DieticianId\": {\r",
									"      \"type\": \"integer\"\r",
									"    },\r",
									"    \"Email\": {\r",
									"      \"type\": \"string\"\r",
									"    },\r",
									"    \"FileMorbidity\": {\r",
									"      \"type\": \"object\",\r",
									"      \"properties\": {\r",
									"        \"additionalProp1\": {\r",
									"          \"type\": \"object\",\r",
									"          \"properties\": {\r",
									"            \"additionalProp1\": {\r",
									"              \"type\": \"string\"\r",
									"            },\r",
									"            \"additionalProp2\": {\r",
									"              \"type\": \"string\"\r",
									"            },\r",
									"            \"additionalProp3\": {\r",
									"              \"type\": \"string\"\r",
									"            }\r",
									"          }\r",
									"         \r",
									"        },\r",
									"        \"additionalProp2\": {\r",
									"          \"type\": \"object\",\r",
									"          \"properties\": {\r",
									"            \"additionalProp1\": {\r",
									"              \"type\": \"string\"\r",
									"            },\r",
									"            \"additionalProp2\": {\r",
									"              \"type\": \"string\"\r",
									"            },\r",
									"            \"additionalProp3\": {\r",
									"              \"type\": \"string\"\r",
									"            }\r",
									"          }\r",
									"        },\r",
									"        \"additionalProp3\": {\r",
									"          \"type\": \"object\",\r",
									"          \"properties\": {\r",
									"            \"additionalProp1\": {\r",
									"              \"type\": \"string\"\r",
									"            },\r",
									"            \"additionalProp2\": {\r",
									"              \"type\": \"string\"\r",
									"            },\r",
									"            \"additionalProp3\": {\r",
									"              \"type\": \"string\"\r",
									"            }\r",
									"          }\r",
									"        }\r",
									"      }\r",
									"    },\r",
									"    \"FileMorbidityCondition\": {\r",
									"      \"type\": \"object\",\r",
									"      \"properties\": {\r",
									"        \"additionalProp1\": {\r",
									"          \"type\": \"string\"\r",
									"        },\r",
									"        \"additionalProp2\": {\r",
									"          \"type\": \"string\"\r",
									"        },\r",
									"        \"additionalProp3\": {\r",
									"          \"type\": \"string\"\r",
									"        }\r",
									"      }\r",
									"    },\r",
									"    \"FirstName\": {\r",
									"      \"type\": \"string\"\r",
									"    },\r",
									"    \"FoodCategory\": {\r",
									"      \"type\": \"string\"\r",
									"    },\r",
									"    \"LastName\": {\r",
									"      \"type\": \"string\"\r",
									"    },\r",
									"    \"patientId\": {\r",
									"      \"type\": \"integer\"\r",
									"    }\r",
									"  },\r",
									"  \"required\": [\r",
									"    \"ContactNumber\",\r",
									"    \"DateOfBirth\",\r",
									"    \"Email\",\r",
									"    \"FirstName\",\r",
									"    \"LastName\"\r",
									"  ]\r",
									"};\r",
									"\r",
									"pm.test(\"Validate schema\", () => {\r",
									"pm.response.to.have.jsonSchema(schema);\r",
									"});\r",
									"\r",
									"pm.test(\"Status code is 201\", function () {\r",
									"  pm.response.to.have.status(201);\r",
									"});\r",
									"var respJson = pm.response.json();\r",
									"console.log(respJson);\r",
									"\r",
									"postman.setEnvironmentVariable('patientId', respJson.patientId);"
								],
								"type": "text/javascript"
							}
						}
					],
					"request": {
						"auth": {
							"type": "bearer",
							"bearer": [
								{
									"key": "token",
									"value": "{{DeepthiToken}}",
									"type": "string"
								}
							]
						},
						"method": "POST",
						"header": [],
						"body": {
							"mode": "formdata",
							"formdata": [
								{
									"key": "patientInfo",
									"value": "{{patientInfo}}",
									"type": "text"
								},
								{
									"key": "file",
									"type": "file",
									"src": "/C:/Users/Deepthi/Downloads/Sample reports-20231116T035758Z-001/Sample reports/Diabetic and Hemogram Test_Thyrocare lab.pdf.pdf"
								}
							]
						},
						"url": {
							"raw": "{{baseURI}}/patient",
							"host": [
								"{{baseURI}}"
							],
							"path": [
								"patient"
							]
						}
					},
					"response": []
				}
			]
		},
		{
			"name": "Get",
			"item": [
				{
					"name": "All Morbidities",
					"event": [
						{
							"listen": "test",
							"script": {
								"exec": [
									"const responseJsonData =pm.response.json();\r",
									"pm.test(\"Status code is 200\", function () {\r",
									"    pm.response.to.have.status(200);\r",
									"});\r",
									"\r",
									""
								],
								"type": "text/javascript"
							}
						}
					],
					"request": {
						"auth": {
							"type": "bearer",
							"bearer": [
								{
									"key": "token",
									"value": "{{AyeshToken}}",
									"type": "string"
								}
							]
						},
						"method": "GET",
						"header": [],
						"url": {
							"raw": "{{baseURI}}/morbidity",
							"host": [
								"{{baseURI}}"
							],
							"path": [
								"morbidity"
							]
						}
					},
					"response": []
				},
				{
					"name": "Morbidity by Test Name",
					"event": [
						{
							"listen": "test",
							"script": {
								"exec": [
									"pm.test(\"Status code is 200\", function () {\r",
									"    pm.response.to.have.status(200);\r",
									"});"
								],
								"type": "text/javascript"
							}
						}
					],
					"request": {
						"auth": {
							"type": "bearer",
							"bearer": [
								{
									"key": "token",
									"value": "{{DeepthiToken}}",
									"type": "string"
								}
							]
						},
						"method": "GET",
						"header": [],
						"url": {
							"raw": "{{baseURI}}/morbidity/:morbidityName",
							"host": [
								"{{baseURI}}"
							],
							"path": [
								"morbidity",
								":morbidityName"
							],
							"variable": [
								{
									"key": "morbidityName",
									"value": "Plasma Glucose"
								}
							]
						}
					},
					"response": []
				},
				{
					"name": "Get All Patients",
					"protocolProfileBehavior": {
						"disableBodyPruning": true
					},
					"request": {
						"auth": {
							"type": "bearer",
							"bearer": [
								{
									"key": "token",
									"value": "{{DivyaToken}}",
									"type": "string"
								}
							]
						},
						"method": "GET",
						"header": [],
						"body": {
							"mode": "formdata",
							"formdata": []
						},
						"url": {
							"raw": "{{baseURI}}/patient",
							"host": [
								"{{baseURI}}"
							],
							"path": [
								"patient"
							]
						}
					},
					"response": []
				},
				{
					"name": "Patients Morbidity Details",
					"event": [
						{
							"listen": "test",
							"script": {
								"exec": [
									"pm.test(\"Status code is 200\", function () {\r",
									"    pm.response.to.have.status(200);\r",
									"});"
								],
								"type": "text/javascript"
							}
						}
					],
					"protocolProfileBehavior": {
						"disableBodyPruning": true
					},
					"request": {
						"auth": {
							"type": "bearer",
							"bearer": [
								{
									"key": "token",
									"value": "{{RupaliToken}}",
									"type": "string"
								}
							]
						},
						"method": "GET",
						"header": [],
						"body": {
							"mode": "raw",
							"raw": "",
							"options": {
								"raw": {
									"language": "json"
								}
							}
						},
						"url": {
							"raw": "{{baseURI}}/patient/testReports/3570",
							"host": [
								"{{baseURI}}"
							],
							"path": [
								"patient",
								"testReports",
								"3570"
							]
						}
					},
					"response": []
				},
				{
					"name": "Get file by FileID",
					"event": [
						{
							"listen": "test",
							"script": {
								"exec": [
									"var respJson = pm.response.json();\r",
									"console.log(respJson)\r",
									"\r",
									"postman.setEnvironmentVariable(\"FileID\", respJson. FileID);\r",
									""
								],
								"type": "text/javascript"
							}
						}
					],
					"protocolProfileBehavior": {
						"disableBodyPruning": true
					},
					"request": {
						"auth": {
							"type": "bearer",
							"bearer": [
								{
									"key": "token",
									"value": "{{DivyaToken}}",
									"type": "string"
								}
							]
						},
						"method": "GET",
						"header": [],
						"body": {
							"mode": "formdata",
							"formdata": [
								{
									"key": "",
									"value": "",
									"type": "text",
									"disabled": true
								}
							]
						},
						"url": {
							"raw": "{{baseURI}}/patient",
							"host": [
								"{{baseURI}}"
							],
							"path": [
								"patient"
							]
						}
					},
					"response": []
				},
				{
					"name": "View file by FileID",
					"event": [
						{
							"listen": "test",
							"script": {
								"exec": [
									""
								],
								"type": "text/javascript"
							}
						}
					],
					"protocolProfileBehavior": {
						"disableBodyPruning": true
					},
					"request": {
						"auth": {
							"type": "bearer",
							"bearer": [
								{
									"key": "token",
									"value": "{{DivyaToken}}",
									"type": "string"
								}
							]
						},
						"method": "GET",
						"header": [],
						"body": {
							"mode": "formdata",
							"formdata": [
								{
									"key": "",
									"value": "",
									"type": "text",
									"disabled": true
								}
							]
						},
						"url": {
							"raw": "{{baseURI}}/patient/testReports/viewFile/655abe210cbfb136eab0d2c2",
							"host": [
								"{{baseURI}}"
							],
							"path": [
								"patient",
								"testReports",
								"viewFile",
								"655abe210cbfb136eab0d2c2"
							]
						}
					},
					"response": []
				}
			]
		},
		{
			"name": "Remove",
			"item": [
				{
					"name": "Delete Patient",
					"event": [
						{
							"listen": "test",
							"script": {
								"exec": [
									"pm.test(\"status code is 200\", function(){",
									"    pm.response.to.have.status(200);",
									"})"
								],
								"type": "text/javascript"
							}
						}
					],
					"request": {
						"auth": {
							"type": "bearer",
							"bearer": [
								{
									"key": "token",
									"value": "{{DeepthiToken}}",
									"type": "string"
								}
							]
						},
						"method": "DELETE",
						"header": [],
						"url": {
							"raw": "{{baseURI}}/patient/{{patientId}}",
							"host": [
								"{{baseURI}}"
							],
							"path": [
								"patient",
								"{{patientId}}"
							]
						}
					},
					"response": [
						{
							"name": "Delete Patient",
							"originalRequest": {
								"method": "DELETE",
								"header": [],
								"url": {
									"raw": "{{baseURI}}/Delete Patient\n",
									"host": [
										"{{baseURI}}"
									],
									"path": [
										"Delete Patient\n"
									]
								}
							},
							"status": "Unauthorized",
							"code": 401,
							"_postman_previewlanguage": "json",
							"header": [
								{
									"key": "Server",
									"value": "Cowboy"
								},
								{
									"key": "Report-To",
									"value": "{\"group\":\"heroku-nel\",\"max_age\":3600,\"endpoints\":[{\"url\":\"https://nel.heroku.com/reports?ts=1700069180&sid=c46efe9b-d3d2-4a0c-8c76-bfafa16c5add&s=pUPYQTp6Qek3FM1LETL%2BevXkOhVqA1QAMpHCI4DV8O0%3D\"}]}"
								},
								{
									"key": "Reporting-Endpoints",
									"value": "heroku-nel=https://nel.heroku.com/reports?ts=1700069180&sid=c46efe9b-d3d2-4a0c-8c76-bfafa16c5add&s=pUPYQTp6Qek3FM1LETL%2BevXkOhVqA1QAMpHCI4DV8O0%3D"
								},
								{
									"key": "Nel",
									"value": "{\"report_to\":\"heroku-nel\",\"max_age\":3600,\"success_fraction\":0.005,\"failure_fraction\":0.05,\"response_headers\":[\"Via\"]}"
								},
								{
									"key": "Connection",
									"value": "keep-alive"
								},
								{
									"key": "Vary",
									"value": "Origin"
								},
								{
									"key": "Vary",
									"value": "Access-Control-Request-Method"
								},
								{
									"key": "Vary",
									"value": "Access-Control-Request-Headers"
								},
								{
									"key": "X-Content-Type-Options",
									"value": "nosniff"
								},
								{
									"key": "X-Xss-Protection",
									"value": "1; mode=block"
								},
								{
									"key": "Cache-Control",
									"value": "no-cache, no-store, max-age=0, must-revalidate"
								},
								{
									"key": "Pragma",
									"value": "no-cache"
								},
								{
									"key": "Expires",
									"value": "0"
								},
								{
									"key": "Strict-Transport-Security",
									"value": "max-age=31536000 ; includeSubDomains"
								},
								{
									"key": "X-Frame-Options",
									"value": "DENY"
								},
								{
									"key": "Content-Type",
									"value": "application/json"
								},
								{
									"key": "Transfer-Encoding",
									"value": "chunked"
								},
								{
									"key": "Date",
									"value": "Wed, 15 Nov 2023 17:26:20 GMT"
								},
								{
									"key": "Via",
									"value": "1.1 vegur"
								}
							],
							"cookie": [],
							"body": "{\n    \"timestamp\": \"2023-11-15T17:26:20.658+00:00\",\n    \"status\": 401,\n    \"error\": \"Unauthorized\",\n    \"path\": \"/dietician/Delete%20Patient%0A\"\n}"
						}
					]
				}
			]
		}
	],
	"event": [
		{
			"listen": "prerequest",
			"script": {
				"type": "text/javascript",
				"exec": [
					""
				]
			}
		},
		{
			"listen": "test",
			"script": {
				"type": "text/javascript",
				"exec": [
					""
				]
			}
		}
	],
	"variable": [
		{
			"key": "accessToken",
			"value": "--",
			"type": "string"
		},
		{
			"key": "baseUrl",
			"value": "https://dietician-dev-41d9a344a720.herokuapp.com/dietician"
		}
	]
}