{
	"id": "659f529e-9550-4d16-bdb0-c51ca4189fe5",
	"name": "team10_unicorn_Riders_api_hackathon_nov2023",
	"values": [
		{
			"key": "baseURI",
			"value": "https://dietician-dev-41d9a344a720.herokuapp.com/dietician",
			"type": "default",
			"enabled": true
		},
		{
			"key": "InduToken",
			"value": "eyJhbGciOiJIUzUxMiJ9.eyJzdWIiOiJJbmR1MjJ0ZXN0QGdtYWlsLmNvbSIsImlhdCI6MTcwMDUwMDI4MiwiZXhwIjoxNzAwNTI5MDgyfQ.I1ecuUM8W7RxP-cAZbWpMvKUF_NvjVUnOt5_AhSYYN8CPtKCdBknp9qcdut4AnI7s56cyoyZiraASWlDgTM3pQ",
			"type": "default",
			"enabled": true
		},
		{
			"key": "PriyankaToken",
			"value": "eyJhbGciOiJIUzUxMiJ9.eyJzdWIiOiJQcml5YW5rYXN1aml0LnNyaXZhc3RhdmFAZ21haWwuY29tIiwiaWF0IjoxNzAwMTU3OTkyLCJleHAiOjE3MDAxODY3OTJ9.BwtgozC0WvypLcqiX_Q0kX8y57Lic3zduyuErgdwGjvwOVpA8uV0DF7KR0qhKNu8iOtoO9CBMVQVKr1-PgWJCQ",
			"type": "default",
			"enabled": true
		},
		{
			"key": "DeepthiToken",
			"value": "eyJhbGciOiJIUzUxMiJ9.eyJzdWIiOiJheWVzaC5nYXVyQGdtYWlsLmNvbSIsImlhdCI6MTcwMDUyNjc4MiwiZXhwIjoxNzAwNTU1NTgyfQ.BBuU38iWbvqX31kg_w7zNUi8nj7KaRGwT_txenwYDUka7TznUWEOhcxw6mTRlNhdEzbbTLfCDQEOQ15_FU2Z2A",
			"type": "default",
			"enabled": true
		},
		{
			"key": "DivyaToken",
			"value": "eyJhbGciOiJIUzUxMiJ9.eyJzdWIiOiJkaXZ5YWRoYW51c2guMjAyMEBnbWFpbC5jb20iLCJpYXQiOjE3MDA0NTkyMDIsImV4cCI6MTcwMDQ4ODAwMn0.HjhLJTjALpm0ZQKY5vl7NvxDL6GbyskMHTw75Y9tQLbnkf6Jp0xUrC0jKXGQvEMnU9zXgZ4YYfEHYKvrgHSPuA",
			"type": "default",
			"enabled": true
		},
		{
			"key": "RupaliToken",
			"value": "eyJhbGciOiJIUzUxMiJ9.eyJzdWIiOiJydXBhbGkxYmhvc2FsZTJAZ21haWwuY29tIiwiaWF0IjoxNzAwNDQ0OTE3LCJleHAiOjE3MDA0NzM3MTd9.BZ4gng54ctOevrUzCqEuU6hR4LalFq7Ka-rfESzaWFQVwguhGYmkSsmHLRRrbTdnPE0nWpzL2TUbAHq0tPldlQ",
			"type": "default",
			"enabled": true
		},
		{
			"key": "patientId",
			"value": "",
			"type": "any",
			"enabled": true
		},
		{
			"key": "FileID",
			"value": "",
			"type": "any",
			"enabled": true
		},
		{
			"key": "fileId",
			"value": "",
			"type": "any",
			"enabled": true
		},
		{
			"key": "morbidityName",
			"value": "",
			"type": "any",
			"enabled": true
		},
		{
			"key": "patientInfo",
			"value": "{  \"FirstName\": \"Team10\",\"LastName\": \"Patient108\",\"ContactNumber\": 9524579000,\"Email\": \"maryjane@hotmail.com\",\"Allergy\": \"milk\",\"FoodCategory\": \"Vegan\",\"DateOfBirth\": \"1996-05-23\"}",
			"enabled": true
		},
		{
			"key": "AyeshToken",
			"value": "",
			"type": "any",
			"enabled": true
		}
	],
	"_postman_variable_scope": "environment",
	"_postman_exported_at": "2023-11-21T02:23:07.716Z",
	"_postman_exported_using": "Postman/10.20.0"
}